,v1,v2
463,ham,"Sorry, I'll call later ok bye"
1938,ham,Excellent! Are you ready to moan and scream in ecstasy?
3612,ham,Depends on individual lor e hair dresser say pretty but my parents say look gong. U kaypoh.. I also dunno wat she collecting.
761,ham,"We are at grandmas. Oh dear, u still ill? I felt Shit this morning but i think i am just hungover! Another night then. We leave on sat."
3278,ham,"Solve d Case : A Man Was Found Murdered On  &lt;DECIMAL&gt; . &lt;#&gt;  AfterNoon. 1,His wife called Police. 2,Police questioned everyone. 3,Wife: Sir,I was sleeping, when the murder took place. 4.Cook: I was cooking. 5.Gardener: I was picking vegetables. 6.House-Maid: I went 2 d post office. 7.Children: We went 2 play. 8.Neighbour: We went 2 a marriage. Police arrested d murderer Immediately. Who's It? Reply With Reason, If U r Brilliant."
5449,spam,"Latest News! Police station toilet stolen, cops have nothing to go on!"
2061,ham,"Hey ! I want you ! I crave you ! I miss you ! I need you ! I love you, Ahmad Saeed al Hallaq ..."
5114,ham,Argh why the fuck is nobody in town ;_;
4538,ham,"Party's at my place at usf, no charge (but if you can contribute in any way it is greatly appreciated) and yeah, we got room for one more"
2508,ham,Ok...
1148,ham,I'm not driving... Raining! Then i'll get caught at e mrt station lor.
975,ham,Hey no I ad a crap nite was borin without ya 2 boggy with me u boring biatch! Thanx but u wait til nxt time il ave ya 
113,spam,GENT! We are trying to contact you. Last weekends draw shows that you won a å£1000 prize GUARANTEED. Call 09064012160. Claim Code K52. Valid 12hrs only. 150ppm
1809,ham,"Aight, I'll ask a few of my roommates"
2930,ham,Hi' Test on  &lt;#&gt; rd ....
938,spam,"Urgent! call 09061749602 from Landline. Your complimentary 4* Tenerife Holiday or å£10,000 cash await collection SAE T&Cs BOX 528 HP20 1YF 150ppm 18+"
4369,spam,Do you want a new Video handset? 750 any time any network mins? UNLIMITED TEXT? Camcorder? Reply or Call now 08000930705 for del Sat AM
5472,ham,Well obviously not because all the people in my cool college life went home ;_;
73,ham,K..k:)where are you?how did you performed?
5069,spam,5p 4 alfie Moon's Children in need song on ur mob. Tell ur m8s. Txt Tone charity to 8007 for Nokias or Poly charity for polys: zed 08701417012 profit 2 charity.
914,ham,"Call me da, i am waiting for your call."
4824,ham,I am going to sleep. I am tired of travel.
1356,ham,U ned to convince him tht its not possible witot hurting his feeling its the main
393,ham,Yes i think so. I am in office but my lap is in room i think thats on for the last few days. I didnt shut that down
2832,spam,"You've won tkts to the EURO2004 CUP FINAL or å£800 CASH, to collect CALL 09058099801 b4190604, POBOX 7876150ppm"
3471,ham,"I think IÛ÷m waiting for the same bus! Inform me when you get there, if you ever get there."
3015,ham,"&lt;#&gt;  is fast approaching. So, Wish u a very Happy New Year Happy Sankranti Happy republic day Happy Valentines Day Happy Shivratri Happy Ugadi Happy Fools day Happy May Day Happy Independence Day, Happy Friendship,Mother,Father,Teachers,Childrens Day, &amp; HAPPY BIRTHDAY 4 U. Happy Ganesh festival Happy Dasara Happy Diwali Happy Christmas  &lt;#&gt;  Good Mornings Afternoons, Evenings Nights. RememberI AM the first to WISHING U ALL THESE...your's Raj"
2862,ham,"Ok that would b lovely, if u r sure. Think about wot u want to do, drinkin, dancin, eatin, cinema, in, out, about... Up to u! Wot about ? "
3548,ham,"I got like $ &lt;#&gt; , I can get some more later though. Get whatever you feel like"
655,ham,Tell them the drug dealer's getting impatient
2288,ham,Dont you have message offer
4487,ham,Call me when you get the chance plz &lt;3
3699,ham,Oh...i asked for fun. Haha...take care. Ì_
1372,ham,"1) Go to write msg 2) Put on Dictionary mode 3)Cover the screen with hand, 4)Press  &lt;#&gt; . 5)Gently remove Ur hand.. Its interesting..:)"
2509,ham,"U wake up already? Wat u doing? U picking us up later rite? I'm taking sq825, reaching ard 7 smth 8 like dat. U can check e arrival time. C ya soon..."
3489,ham,Huh but i got lesson at 4 lei n i was thinkin of going to sch earlier n i tot of parkin at kent vale...  
1422,spam,Congratulations ur awarded either å£500 of CD gift vouchers & Free entry 2 our å£100 weekly draw txt MUSIC to 87066 TnCs www.Ldew.com 1 win150ppmx3age16
1778,ham,"7 wonders in My WORLD 7th You 6th Ur style 5th Ur smile 4th Ur Personality 3rd Ur Nature 2nd Ur SMS and 1st \Ur Lovely Friendship\""... good morning dear"""
477,ham,Tension ah?what machi?any problem?
1523,ham,Yup ok thanx...
2881,ham,Hi Harish's rent has been transfred to ur Acnt.
4459,ham,This is wishing you a great day. Moji told me about your offer and as always i was speechless. You offer so easily to go to great lengths on my behalf and its stunning. My exam is next friday. After that i will keep in touch more. Sorry.
2813,ham,"Alright if you're sure, let me know when you're leaving"
4021,ham,U gd lor go shopping i got stuff to do. U wan 2 watch infernal affairs a not? Come lar...
2801,ham,And smile for me right now as you go and the world will wonder what you are smiling about and think your crazy and keep away from you ... *grins*
4734,ham,Oh k:)after that placement there ah?
1339,ham,Every monday..nxt week vl be completing..
2891,ham,Babe? You said 2 hours and it's been almost 4 ... Is your internet down ?
4330,ham,Nope i'll come online now..
3637,spam,"Customer service announcement. We recently tried to make a delivery to you but were unable to do so, please call 07090298926 to re-schedule. Ref:9307622"
4367,ham,1 I don't have her number and 2 its gonna be a massive pain in the ass and i'd rather not get involved if that's possible
4001,ham,Did you get any gift? This year i didnt get anything. So bad
3011,ham,Yeah no probs - last night is obviously catching up with you... Speak soon 
3519,ham,No it will reach by 9 only. She telling she will be there. I dont know
707,ham,Quite late lar... Ard 12 anyway i wun b drivin...
5413,ham,Nite nite pocay wocay luv u more than n e thing 4eva I promise ring u 2morrowxxxx
1291,ham,"Hey babe! I saw you came online for a second and then you disappeared, what happened ?"
1646,ham,Thts wat Wright Brother did to fly..
4230,ham,U really pig leh sleep so much. My dad wake me up at 10 smth 2 eat lunch today.
4245,ham,Well welp is sort of a semiobscure internet thing
4494,ham,Hope this text meets you smiling. If not then let this text give you a reason to smile. Have a beautiful day.
1919,ham,Yar i wanted 2 scold u yest but late already... I where got zhong se qing you? If u ask me b4 he ask me then i'll go out w u all lor. N u still can act so real.
3384,ham,Ok can...
1177,ham,Just nw i came to hme da..
798,ham,Ok i msg u b4 i leave my house.
3353,ham,R u sure they'll understand that! Wine * good idea just had a slurp!
1485,ham,"(I should add that I don't really care and if you can't I can at least get this dude to fuck off but hey, your money if you want it)"
1925,ham,We don call like  &lt;#&gt;  times oh. No give us hypertension oh.
5446,ham,I am back. Good journey! Let me know if you need any of the receipts. Shall i tell you like the pendent?
3155,ham,Long time. You remember me today.
2897,ham,If you r @ home then come down within 5 min
4584,spam,U have a Secret Admirer who is looking 2 make contact with U-find out who they R*reveal who thinks UR so special-call on 09065171142-stopsms-08718727870150ppm
3775,ham,Ok lor. Msg me b4 u call.
4388,ham,"K I'm ready,  &lt;#&gt; ?"
2320,ham,This pain couldn't have come at a worse time.
3327,ham,"No we put party 7 days a week and study lightly, I think we need to draw in some custom checkboxes so they know we're hardcore"
142,ham,"A swt thought: \Nver get tired of doing little things 4 lovable persons..\"" Coz..somtimes those little things occupy d biggest part in their Hearts.. Gud ni8"""
3435,ham,If india win or level series means this is record:)
3549,ham,"Dad wanted to talk about the apartment so I got a late start, omw now"
2584,ham,Hi happy birthday. Hi hi hi hi hi hi hi
4569,spam,Wanna have a laugh? Try CHIT-CHAT on your mobile now! Logon by txting the word: CHAT and send it to No: 8883 CM PO Box 4217 London W1A 6ZF 16+ 118p/msg rcvd
5305,ham,"\Hi missed your Call and my mumHas beendropping red wine all over theplace! what is your adress?\"""""
5276,ham,Dunno leh cant remember mayb lor. So wat time r we meeting tmr?
3114,ham,I wait 4 Ì_ inside da car park...
1918,ham,Is fujitsu s series lifebook good?
3277,ham,What happened in interview?
1331,ham,Good Morning plz call me sir
1513,ham,Hows the champ just leaving glasgow!
3979,spam,ringtoneking 84484
631,ham,Thank u!
3919,spam,FREE>Ringtone! Reply REAL or POLY eg REAL1 1. PushButton 2. DontCha 3. BabyGoodbye 4. GoldDigger 5. WeBeBurnin 1st tone FREE and 6 more when u join for å£3/wk
1625,ham,Hi Dear Call me its urgnt. I don't know whats your problem. You don't want to work or if you have any other problem at least tell me. Wating for your reply.
3122,ham,He telling not to tell any one. If so treat for me hi hi hi
3419,spam,"As a valued customer, I am pleased to advise you that following recent review of your Mob No. you are awarded with a å£1500 Bonus Prize, call 09066368470"
957,ham,Welp apparently he retired
2474,ham,"Princess, i like to make love  &lt;#&gt;  times per night. Hope thats not a problem!"
4629,ham,Everybody had fun this evening. Miss you.
1227,ham,So Ì_'ll be submitting da project tmr rite?
1203,ham,Thanks for understanding. I've been trying to tell sura that.
4254,spam,Block Breaker now comes in deluxe format with new features and great graphics from T-Mobile. Buy for just å£5 by replying GET BBDELUXE and take the challenge
3165,spam,"HOT LIVE FANTASIES call now 08707509020 Just 20p per min NTT Ltd, PO Box 1327 Croydon CR9 5WB 0870..k"
2257,ham,Here got lots of hair dresser fr china.
3680,ham,LOL what happens in Vegas stays in vegas
485,ham,If we win its really no 1 side for long time.
398,ham,"Good evening Sir, Al Salam Wahleykkum.sharing a happy news.By the grace of God, i got an offer from Tayseer,TISSCO and i joined.Hope you are fine.Inshah Allah,meet you sometime.Rakhesh,visitor from India."
30,ham,"Wait that's still not all that clear, were you not sure about me being sarcastic or that that's why x doesn't want to live with us"
3708,ham,Ok.ok ok..then..whats ur todays plan
3702,ham,"How is my boy? No sweet words left for me this morning ... *sighs* ... How goes you day, my love ? Did you start your studying?"
5240,ham,"Gud gud..k, chikku tke care.. sleep well gud nyt"
4031,ham,I'm very happy for you babe ! Woo hoo party on dude!
1222,ham,Teach me apps da. When you come to college.
599,ham,I'm going out to buy mum's present ar.
4059,spam,"This weeks SavaMob member offers are now accessible. Just call 08709501522 for details! SavaMob, POBOX 139, LA3 2WU. Only å£1.50/week. SavaMob - offers mobile!"
5538,ham,I can't believe how attached I am to seeing you every day. I know you will do the best you can to get to me babe. I will go to teach my class at your midnight
4969,ham,We are supposed to meet to discuss abt our trip... Thought xuhui told you? In the afternoon. Thought we can go for lesson after that
778,ham,Happy New year my dear brother. I really do miss you. Just got your number and decided to send you this text wishing you only happiness. Abiola
946,spam,Ur cash-balance is currently 500 pounds - to maximize ur cash-in now send GO to 86688 only 150p/msg. CC: 08718720201 PO BOX 114/14 TCR/W1
864,ham,Dude ive been seeing a lotta corvettes lately
1526,ham,"Wow ... I love you sooo much, you know ? I can barely stand it ! I wonder how your day goes and if you are well, my love ... I think of you and miss you"
781,ham,"Hmmm ... I thought we said 2 hours slave, not 3 ... You are late ... How should I punish you ?"
4694,spam,"URGENT! Your Mobile No 07808726822 was awarded a å£2,000 Bonus Caller Prize on 02/09/03! This is our 2nd attempt to contact YOU! Call 0871-872-9758 BOX95QU"
976,ham,Ok i shall talk to him
573,ham,Waiting for your call.
2420,ham,Oic... Then better quickly go bathe n settle down...
601,ham,If u sending her home first it's ok lor. I'm not ready yet.
200,ham,I sent you  &lt;#&gt;  bucks
3825,ham,"Goodmorning,my grandfather expired..so am on leave today."
1939,spam,More people are dogging in your area now. Call 09090204448 and join like minded guys. Why not arrange 1 yourself. There's 1 this evening. Aå£1.50 minAPN LS278BB
2775,ham,We confirm eating at esplanade?
906,spam,"all the lastest from Stereophonics, Marley, Dizzee Racal, Libertines and The Strokes! Win Nookii games with Flirt!! Click TheMob WAP Bookmark or text WAP to 82468"
3467,ham,yay! finally lol. i missed our cinema trip last week :-(
3907,ham,Sounds like a plan! Cardiff is still here and still cold! I'm sitting on the radiator!
1302,ham,"FRAN I DECIDED 2 GO N E WAY IM COMPLETELY BROKE AN KNACKERED I GOT UP BOUT 3 C U 2MRW LOVE JANX P.S THIS IS MY DADS FONE, -NO CREDIT"
630,ham,Please dont say like that. Hi hi hi
4865,ham,"Oh! Shit, I thought that was your trip! Loooooool ... That just makes SO much more sense now ... *grins* and the sofa reference was ... The \sleep on a couch\"" link you sent me ... Wasn't that how you went on your trip ? Oh ... And didn't your babe go with you for that celebration with your rents?"""
1216,spam,You have 1 new voicemail. Please call 08719181513.
4787,ham,"Thanx. Yup we coming back on sun. Finish dinner going back 2 hotel now. Time flies, we're tog 4 exactly a mth today. Hope we'll haf many more mths to come..."
2552,ham,"Oh fine, I'll be by tonight"
5417,ham,Nope. I just forgot. Will show next week
1195,spam,You have 1 new voicemail. Please call 08719181503
4904,spam,Warner Village 83118 C Colin Farrell in SWAT this wkend @Warner Village & get 1 free med. Popcorn!Just show msg+ticket@kiosk.Valid 4-7/12. C t&c @kiosk. Reply SONY 4 mre film offers
622,ham,MAKE SURE ALEX KNOWS HIS BIRTHDAY IS OVER IN FIFTEEN MINUTES AS FAR AS YOU'RE CONCERNED
80,ham,"Sorry, I'll call later"
2271,ham,Life spend with someone for a lifetime may be meaningless but a few moments spent with someone who really love you means more than life itself..
2136,ham,Well done and ! luv ya all 
4614,spam,Sunshine Quiz! Win a super Sony DVD recorder if you canname the capital of Australia? Text MQUIZ to 82277. B
2044,ham,I can send you a pic if you like :)
4226,ham,Buy one egg for me da..please:)
5370,spam,dating:i have had two of these. Only started after i sent a text to talk sport radio last week. Any connection do you think or coincidence?
2902,ham,Tell me pa. How is pain de.
3976,spam,Great NEW Offer - DOUBLE Mins & DOUBLE Txt on best Orange tariffs AND get latest camera phones 4 FREE! Call MobileUpd8 free on 08000839402 NOW! or 2stoptxt T&Cs
2857,ham,In life when you face choices Just toss a coin not becoz its settle the question But while the coin in the air U will know what your heart is hoping for. Gudni8
2306,ham,"Aight that'll work, thanks"
2010,ham,Dunno lei... I thk mum lazy to go out... I neva ask her yet...
3308,ham,Okie Ì_ wan meet at bishan? Cos me at bishan now. I'm not driving today.
279,ham,All done? All handed in? Celebrations in full swing yet?
2917,ham,Thanks chikku..:-) gud nyt:-*
4275,ham,Can you please send me my aunty's number
3851,ham,"No, its true..k,Do u knw dis no. &lt;#&gt; ?"
575,spam,"You have won ?1,000 cash or a ?2,000 prize! To claim, call09050000327"
2274,ham,Think I could stop by in like an hour or so? My roommate's looking to stock up for a trip
378,ham,Keep my payasam there if rinu brings
4051,ham,"Ya ok, then had dinner?"
2952,spam,"URGENT! Your mobile was awarded a å£1,500 Bonus Caller Prize on 27/6/03. Our final attempt 2 contact U! Call 08714714011"
2309,ham,"I have 2 sleeping bags, 1 blanket and paper and  phone details. Anything else?"
4294,spam,HMV BONUS SPECIAL 500 pounds of genuine HMV vouchers to be won. Just answer 4 easy questions. Play Now! Send HMV to 86688 More info:www.100percent-real.com
810,ham,S:)s.nervous  &lt;#&gt; :)
2472,spam,"Final Chance! Claim ur å£150 worth of discount vouchers today! Text YES to 85023 now! SavaMob, member offers mobile! T Cs SavaMob POBOX84, M263UZ. å£3.00 Subs 16"
4177,ham,Two teams waiting for some players
390,ham,Huh so late... Fr dinner?
2608,ham,Hello madam how are you ?
2495,spam,WINNER! As a valued network customer you hvae been selected to receive a å£900 reward! To collect call 09061701444. Valid 24 hours only. ACL03530150PM
333,ham,Any chance you might have had with me evaporated as soon as you violated my privacy by stealing my phone number from your employer's paperwork. Not cool at all. Please do not contact me again or I will report you to your supervisor.
2453,ham,How much she payed. Suganya.
2398,ham,YO YO YO BYATCH WHASSUP?
4763,ham,Hi.:)technical support.providing assistance to us customer through call and email:)
3469,ham,aathi..where are you dear..
5468,spam,"URGENT! Last weekend's draw shows that you have won å£1000 cash or a Spanish holiday! CALL NOW 09050000332 to claim. T&C: RSTM, SW7 3SS. 150ppm"
5170,ham,I'm in school now n i'll be in da lab doing some stuff give me a call when Ì_ r done.
666,ham,Carlos'll be here in a minute if you still need to buy
1654,ham,"Wishing you and your family Merry \X\"" mas and HAPPY NEW Year in advance.."""
4853,ham,"Also north carolina and texas atm, you would just go to the gre site and pay for the test results to be sent."
3291,ham,Dear good morning how you feeling dear
4977,ham,JADE ITS PAUL. Y DIDNåÕT U TXT ME? DO U REMEMBER ME FROM BARMED? I WANT 2 TALK 2 U! TXT ME
1655,ham,At 7 we will go ok na.
777,ham,"\Hi its Kate it was lovely to see you tonight and ill phone you tomorrow. I got to sing and a guy gave me his card! xxx\"""""
282,ham,Ok. I asked for money how far
2970,ham,Height of Confidence: All the Aeronautics professors wer calld &amp; they wer askd 2 sit in an aeroplane. Aftr they sat they wer told dat the plane ws made by their students. Dey all hurried out of d plane.. Bt only 1 didnt move... He said:\if it is made by my students
4052,ham,I was slept that time.you there?
1140,ham,Oh:)as usual vijay film or its different?
13,ham,I've been searching for the right words to thank you for this breather. I promise i wont take your help for granted and will fulfil my promise. You have been wonderful and a blessing at all times.
389,ham,Yup having my lunch buffet now.. U eat already?
2745,ham,R Ì_ going 4 today's meeting?
1309,ham,"Ok, be careful ! Don't text and drive !"
5113,ham,U definitely need a module from e humanities dis sem izzit? U wan 2 take other modules 1st?
4832,spam,"New Mobiles from 2004, MUST GO! Txt: NOKIA to No: 89545 & collect yours today! From ONLY å£1. www.4-tc.biz 2optout 087187262701.50gbp/mtmsg18 TXTAUCTION."
5065,ham,I calls you later. Afternoon onwords mtnl service get problem in south mumbai. I can hear you but you cann't listen me.
4205,ham,"Get the door, I'm here"
4931,ham,Match started.india  &lt;#&gt;  for 2
4282,ham,"Science tells that chocolate will melt under the sunlight. Please don't walk under the sunlight. BCoz,I don't want to loss a sweet friend."
2640,ham,Pandy joined 4w technologies today.he got job..
4287,ham,Hey mr whats the name of that bill brison book the one about language and words 
5150,ham,"Happy new year to u and ur family...may this new year bring happiness , stability and tranquility to ur vibrant colourful life:):)"
1004,ham,Umma. Did she say anything
2000,ham,But i'll b going 2 sch on mon. My sis need 2 take smth.
3154,ham,Ok...
5455,ham,Wishing you a beautiful day. Each moment revealing even more things to keep you smiling. Do enjoy it.
2731,ham,Mm feeling sleepy. today itself i shall get that dear
288,ham,"My life Means a lot to me, Not because I love my life, But because I love the people in my life, The world calls them friends, I call them my World:-).. Ge:-).."
2725,ham,No. But we'll do medical missions to nigeria
4967,ham,Future is not what we planned for tomorrow.....! it is the result of what we do today...! Do the best in present... enjoy the future.
1972,ham,Yes but can we meet in town cos will go to gep and then home. You could text at bus stop. And don't worry we'll have finished by march Û_ ish!
5204,ham,How come she can get it? Should b quite diff to guess rite...
5036,ham,(You didn't hear it from me)
1768,ham,How. Its a little difficult but its a simple way to enter this place
2440,ham,"Great. I'm in church now, will holla when i get out"
5076,ham,"Guy, no flash me now. If you go call me, call me. How madam. Take care oh."
3242,ham,Pls accept me for one day. Or am begging you change the number.
1175,ham,Horrible u eat macs eat until u forgot abt me already rite... U take so long 2 reply. I thk it's more toot than b4 so b prepared. Now wat shall i eat?
534,ham,"I've not called you in a while. This is hoping it was l8r malaria and that you know that we miss you guys. I miss Bani big, so pls give her my love especially. Have a great day."
2612,ham,Yes. It's all innocent fun. O:-)
4101,ham,Ok then i will come to ur home after half an hour
3100,ham,Pathaya enketa maraikara pa'
1569,ham,I dont have that much image in class.
4255,ham,Aah! A cuddle would be lush! I'd need lots of tea and soup before any kind of fumbling!
2995,ham,They released vday shirts and when u put it on it makes your bottom half naked instead of those white underwear.
2457,ham,K.k..how is your sister kids?
1693,ham,Was gr8 to see that message. So when r u leaving? Congrats dear. What school and wat r ur plans.
2895,spam,"pdate_Now - Double mins and 1000 txts on Orange tariffs. Latest Motorola, SonyEricsson & Nokia & Bluetooth FREE! Call MobileUpd8 on 08000839402 or call2optout/!YHL"
3858,spam,"Win the newest åÒHarry Potter and the Order of the Phoenix (Book 5) reply HARRY, answer 5 questions - chance to be the first among readers!"
2792,ham,Not from this campus. Are you in the library?
2134,ham,If he started searching he will get job in few days.he have great potential and talent.
346,ham,Dis is yijue. I jus saw ur mail. In case huiming havent sent u my num. Dis is my num.
1285,ham,"Just wondering, the others just took off"
3879,ham,Hi juan. Im coming home on fri hey. Of course i expect a welcome party and lots of presents. Ill phone u when i get back. Loads of love nicky x x x x x x x x x
4281,ham,U can call now...
2148,ham,I will once i get home
4133,ham,Is it your yahoo boys that bring in the perf? Or legal.
4193,ham,Can not use foreign stamps in this country.
1041,ham,I'm in class. Will holla later
1844,ham,Da is good good player.why he is unsold.
2999,ham,Id onluy matters when getting on from offcampus
905,ham,Hey what's up charles sorry about the late reply.
1491,spam,"Your account has been credited with 500 FREE Text Messages. To activate, just txt the word: CREDIT to No: 80488 T&Cs www.80488.biz"
1739,ham,U guys never invite me anywhere :(
4343,ham,Hi:)did you asked to waheeda fathima about leave?
3001,ham,"Excellent, I'll see what riley's plans are"
1322,ham,Oh just getting even with u.... u?
1948,ham,I cant pick the phone right now. Pls send a message
470,spam,okmail: Dear Dave this is your final notice to collect your 4* Tenerife Holiday or #5000 CASH award! Call 09061743806 from landline. TCs SAE Box326 CW25WX 150ppm
3003,spam,"You've won tkts to the EURO2004 CUP FINAL or å£800 CASH, to collect CALL 09058099801 b4190604, POBOX 7876150ppm"
3194,ham,Great. P diddy is my neighbor and comes for toothpaste every morning
5496,ham,Yes... I trust u to buy new stuff ASAP so I can try it out
4769,ham,CHEERS LOU! YEAH WAS A GOODNITE SHAME U NEVA CAME! C YA GAILxx
2770,ham,No problem. Talk to you later
1773,ham,"I'm not coming over, do whatever you want"
183,ham,"He will, you guys close?"
2660,ham,Want to finally have lunch today?
2651,ham,"Text me when you get off, don't call, my phones having problems"
3741,ham,Hey i'm bored... So i'm thinking of u... So wat r u doing?
4595,ham,"Carlos is down but I have to pick it up from him, so I'll swing by usf in a little bit"
2123,spam,+123 Congratulations - in this week's competition draw u have won the å£1450 prize to claim just call 09050002311 b4280703. T&Cs/stop SMS 08718727868. Over 18 only 150ppm
971,ham,"Haha awesome, omw back now then"
2240,ham,K I'll call you when I'm close
1186,ham,"Goodmorning, Today i am late for  &lt;#&gt; min."
892,ham,Nutter. Cutter. Ctter. Cttergg. Cttargg. Ctargg. Ctagg. ie you
422,ham,Siva is in hostel aha:-.
742,ham,Just got up. have to be out of the room very soon. Û_. i hadn't put the clocks back til at 8 i shouted at everyone to get up and then realised it was 7. wahay. another hour in bed.
615,ham,"\Happy valentines day\"" I know its early but i have hundreds of handsomes and beauties to wish. So i thought to finish off aunties and uncles 1st..."""
2396,ham,Well you told others you'd marry them...
3486,ham,Change windows logoff sound..
5448,ham,"aight we can pick some up, you open before tonight?"
1121,spam,Do you want 750 anytime any network mins 150 text and a NEW video phone for only five pounds per week call 08000776320 now or reply for delivery Tomorrow
638,ham,"What will we do in the shower, baby?"
3214,ham,I want snow. It's just freezing and windy.
327,ham,"I'd say that's a good sign but, well, you know my track record at reading women"
5271,ham,So u wan 2 come for our dinner tonight a not?
4709,ham,Ya i knw u vl giv..its ok thanks kano..anyway enjoy wit ur family wit 1st salary..:-);-)
4982,ham,Networking job is there.
5250,spam,Urgent! Please call 09061213237 from a landline. å£5000 cash or a 4* holiday await collection. T &Cs SAE PO Box 177 M227XY. 16+
3715,ham,Networking technical support associate.
1137,ham,LOL ... No just was busy
1498,ham,"Time n Smile r the two crucial things in our life. Sometimes time makes us to forget smile, and sometimes someone's smile makes us to forget time gud noon"
3992,ham,"Nimbomsons. Yep phone knows that one. Obviously, cos thats a real word"
1481,ham,"I'm a guy, browsin is compulsory"
1850,ham,Then cant get da laptop? My matric card wif Ì_ lei... 
2802,spam,FreeMsg>FAV XMAS TONES!Reply REAL
4180,ham,"Ok da, i already planned. I wil pick you."
1037,ham,"naughty little thought: 'its better to flirt, flirt n flirt, rather than loving someone n gettin hurt, hurt n hurt...:-) Gud nyt"
2938,ham,Are you ok. What happen to behave like this
5519,ham,Can you pls send me that company name. In saibaba colany
3940,spam,"Free Msg: get Gnarls Barkleys \Crazy\"" ringtone TOTALLY FREE just reply GO to this message right now!"""
4095,ham,"Hey , is * rite u put åÈ10 evey mnth is that all?"
1698,spam,"Free msg. Sorry, a service you ordered from 81303 could not be delivered as you do not have sufficient credit. Please top up to receive the service."
55,ham,Do you know what Mallika Sherawat did yesterday? Find out now @  &lt;URL&gt;
2305,ham,Still in the area of the restaurant. Ill try to come back soon
5259,ham,Can help u swoop by picking u up from wherever ur other birds r meeting if u want.
3007,spam,"Loan for any purpose å£500 - å£75,000. Homeowners + Tenants welcome. Have you been previously refused? We can still help. Call Free 0800 1956669 or text back 'help'"
2415,ham,Huh means computational science... Y they like dat one push here n there...
3388,ham,O. Guess they both got screwd
4668,ham,"When I was born, GOD said, \Oh No! Another IDIOT\"". When you were born"
3955,ham,Haha... dont be angry with yourself... Take it as a practice for the real thing. =) 
1345,ham,Que pases un buen tiempo or something like that
3906,ham,No that just means you have a fat head
530,spam,PRIVATE! Your 2003 Account Statement for 07815296484 shows 800 un-redeemed S.I.M. points. Call 08718738001 Identifier Code 41782 Expires 18/11/04 
3312,ham,"Huh... Hyde park not in mel ah, opps, got confused... Anyway, if tt's e best choice den we juz have to take it..."
3343,ham,Oh great. I.ll disturb him more so that we can talk.
4895,ham,2 and half years i missed your friendship:-)
3685,ham,"I get out of class in bsn in like  &lt;#&gt;  minutes, you know where advising is?"
1621,ham,"Living is very simple.. Loving is also simple.. Laughing is too simple.. Winning is tooo simple.. But, being 'SIMPLE' is very difficult.. Gud nte.:-"
3609,ham,"Call me. I m unable to cal. Lets meet bhaskar, and deep"
2510,ham,Yunny i'm walking in citylink now Ì_ faster come down... Me very hungry...
4088,ham,"How are you, my Love ? Are you with your brother ? Time to talk english with him ? *grins* Say : Hey Muhommad, Penny says hello from across the sea"
352,ham,"TODAY is Sorry day.! If ever i was angry with you, if ever i misbehaved or hurt you? plz plz JUST SLAP URSELF Bcoz, Its ur fault, I'm basically GOOD"
2389,ham,Boo. How's things? I'm back at home and a little bored already :-(
4114,ham,Sorry. You never hear unless you book it. One was kinda a joke--thet were really looking for skinny white girls. The other was one line--you can only do so much on camera with that. Something like that they're casting on the look.
4411,ham,If i said anything wrong sorry de:-)
2456,ham,Onum ela pa. Normal than.
1649,ham,ITS A LAPTOP TAKE IT WITH YOU.
2286,ham,I have had two more letters from . I will copy them for you cos one has a message for you. Speak soon
5005,ham,ILL B DOWN SOON
2698,spam,FROM 88066 LOST å£12 HELP
1266,ham,\Hey sorry I didntgive ya a a bellearlier hunny
2369,ham,"A Boy loved a gal. He propsd bt she didnt mind. He gv lv lttrs, Bt her frnds threw thm. Again d boy decided 2 aproach d gal , dt time a truck was speeding towards d gal. Wn it was about 2 hit d girl,d boy ran like hell n saved her. She asked 'hw cn u run so fast?' D boy replied \Boost is d secret of my energy\"" n instantly d girl shouted \""our energy\"" n Thy lived happily 2gthr drinking boost evrydy Moral of d story:- I hv free msgs:D;): gud ni8"""
2212,ham,"This is one of the days you have a billion classes, right?"
492,ham,"Sorry,in meeting I'll call later"
3392,ham,Ok thanx...
3602,ham,"I'm not sure, I was just checking out what was happening around the area"
2572,ham,"The house is on the water with a dock, a boat rolled up with a newscaster who dabbles in jazz flute behind the wheel"
696,ham,"Aight, you close by or still down around alex's place?"
662,ham,Sorry me going home first... Daddy come fetch Ì_ later...
2797,ham,Purity of friendship between two is not about smiling after reading the forwarded message..Its about smiling just by seeing the name. Gud evng musthu
5166,ham,Y she dun believe leh? I tot i told her it's true already. I thk she muz c us tog then she believe.
5202,ham,WOT STUDENT DISCOUNT CAN U GET ON BOOKS?
4932,ham,Once free call me sir.
1,ham,Ok lar... Joking wif u oni...
3332,spam,"You are being contacted by our dating service by someone you know! To find out who it is, call from a land line 09050000928. PoBox45W2TG150P"
4077,ham,Gam gone after outstanding innings.
3528,spam,"Xmas & New Years Eve tickets are now on sale from the club, during the day from 10am till 8pm, and on Thurs, Fri & Sat night this week. They're selling fast!"
5172,ham,"Aight, text me tonight and we'll see what's up"
3431,spam,Camera - You are awarded a SiPix Digital Camera! call 09061221066 fromm landline. Delivery within 28 days.
4674,spam,"Hi babe its Chloe, how r u? I was smashed on saturday night, it was great! How was your weekend? U been missing me? SP visionsms.com Text stop to stop 150p/text"
5028,spam,I'd like to tell you my deepest darkest fantasies. Call me 09094646631 just 60p/min. To stop texts call 08712460324 (nat rate)
2229,ham,haha but no money leh... Later got to go for tuition... Haha and looking for empty slots for driving lessons
4383,ham,Thanks honey but still haven't heard anything I will leave it a bit longer so not 2 crowd him and will try later - great advice thanks hope cardiff is still there!
3501,ham,I will come to ur home now
5243,ham,Of course ! Don't tease me ... You know I simply must see ! *grins* ... Do keep me posted my prey ... *loving smile* *devouring kiss*
3166,ham,"When people see my msgs, They think Iam addicted to msging... They are wrong, Bcoz They don\'t know that Iam addicted to my sweet Friends..!! BSLVYL"
1128,spam,Ur HMV Quiz cash-balance is currently å£500 - to maximize ur cash-in now send HMV1 to 86688 only 150p/msg
4938,ham,Tomarrow i want to got to court. At  &lt;DECIMAL&gt; . So you come to bus stand at 9.
41,ham,"Did I forget to tell you ? I want you , I need you, I crave you ... But most of all ... I love you my sweet Arabian steed ... Mmmmmm ... Yummy"
1886,spam,Dear 0776xxxxxxx U've been invited to XCHAT. This is our final attempt to contact u! Txt CHAT to 86688 150p/MsgrcvdHG/Suite342/2Lands/Row/W1J6HL LDN 18yrs 
3404,ham,"Jus chillaxin, what up"
4397,ham,"Can you tell Shola to please go to college of medicine and visit the academic department, tell the academic secretary what the current situation is and ask if she can transfer there. She should ask someone to check Sagamu for the same thing and lautech. Its vital she completes her medical education in Nigeria. Its less expensive much less expensive. Unless she will be getting citizen rates in new zealand."
312,ham,He says he'll give me a call when his friend's got the money but that he's definitely buying before the end of the week
5201,spam,"YOU VE WON! Your 4* Costa Del Sol Holiday or å£5000 await collection. Call 09050090044 Now toClaim. SAE, TC s, POBox334, Stockport, SK38xh, Costå£1.50/pm, Max10mins"
2382,ham,I will reach before ten morning
3666,ham,"Honey ? Sweetheart ? Darling ? Sexy buns ? Sugar plum ? Loverboy ? I miss you, boytoy ... *smacks your ass* Did you go to the gym too ?"
4682,ham,Ok u can take me shopping when u get paid =D
4844,ham,Missing you too.pray inshah allah
2746,ham,K da:)how many page you want?
3819,ham,"I got arrested for possession at, I shit you not,  &lt;TIME&gt;  pm"
633,ham,Got it. Seventeen pounds for seven hundred ml ÛÒ hope ok.
4264,ham, &lt;DECIMAL&gt; m but its not a common car here so its better to buy from china or asia. Or if i find it less expensive. I.ll holla
613,ham,THANX4 TODAY CER IT WAS NICE 2 CATCH UP BUT WE AVE 2 FIND MORE TIME MORE OFTEN OH WELL TAKE CARE C U SOON.C
4811,ham,"fyi I'm at usf now, swing by the room whenever"
5390,ham,Nt joking seriously i told
2656,ham,Feel like trying kadeem again? :V
4094,ham,I ain't answerin no phone at what is actually a pretty reasonable hour but I'm sleepy
1390,ham,"I wonder how you got online, my love ? Had you gone to the net cafe ? Did you get your phone recharged ? Were you on a friends net ? I think of you, boytoy"
766,ham,"I'm nt goin, got somethin on, unless they meetin 4 dinner lor... Haha, i wonder who will go tis time..."
3495,ham,Happy birthday... May u find ur prince charming soon n dun work too hard...
3462,ham,i am seeking a lady in the street and a freak in the sheets. Is that you?
4528,ham,"Hiya, probably coming home * weekend after next"
5098,spam,"TheMob>Hit the link to get a premium Pink Panther game, the new no. 1 from Sugababes, a crazy Zebra animation or a badass Hoody wallpaper-all 4 FREE!"
1682,ham,HI BABE U R MOST LIKELY TO BE IN BED BUT IM SO SORRY ABOUT TONIGHT! I REALLY WANNA SEE U TOMORROW SO CALL ME AT 9. LOVE ME XXX
2434,ham,Uncle boye. I need movies oh. Guide me. Plus you know torrents are not particularly legal here. And the system is slowing down. What should i do. Have a gr8 day. Plus have you started cos i dont meet you online. How was the honey moon.
2422,ham,A bloo bloo bloo I'll miss the first bowl
1257,ham,Am also doing in cbe only. But have to pay.
3205,ham,At home also.
2243,ham,Boo I'm on my way to my moms. She's making tortilla soup. Yummmm
2973,ham,"I'll text carlos and let you know, hang on"
54,spam,SMS. ac Sptv: The New Jersey Devils and the Detroit Red Wings play Ice Hockey. Correct or Incorrect? End? Reply END SPTV
5495,ham,"Good afternoon, my love ... How goes your day ? How did you sleep ? I hope your well, my boytoy ... I think of you ..."
2127,ham,Tessy..pls do me a favor. Pls convey my birthday wishes to Nimya..pls dnt forget it. Today is her birthday Shijas
2603,ham,"\Im at arestaurant eating squid! i will be out about 10:30 wanna dosomething or is that to late?\"""""
3959,ham,I sent lanre fakeye's Eckankar details to the mail box
2618,ham,Hey pple...$700 or $900 for 5 nights...Excellent location wif breakfast hamper!!!
2291,ham,Remind me how to get there and I shall do so
1403,ham,cool. We will have fun practicing making babies!
3539,ham,"I'll get there at 3, unless you guys want me to come some time sooner"
3894,ham,Yes. Last  practice
4943,ham,Wrong phone! This phone! I answer this one but assume the other is people i don't well
763,ham,Nothing but we jus tot u would ask cos u ba gua... But we went mt faber yest... Yest jus went out already mah so today not going out... Jus call lor...
4340,ham,ÌÏ all write or wat..
367,spam,Here is your discount code RP176781. To stop further messages reply stop. www.regalportfolio.co.uk. Customer Services 08717205546
1265,ham,"Im in inperialmusic listening2the weirdest track ever byåÓleafcutter johnåÓ-sounds like insects being molested&someone plumbing,remixed by evil men on acid!"
5038,ham,Pls clarify back if an open return ticket that i have can be preponed for me to go back to kerala.
5297,ham,My darling sister. How are you doing. When's school resuming. Is there a minimum wait period before you reapply? Do take care
3500,ham,says the  &lt;#&gt;  year old with a man and money. I'm down to my last  &lt;#&gt; . Still waiting for that check.
1572,spam,Ur cash-balance is currently 500 pounds - to maximize ur cash-in now send GO to 86688 only 150p/msg. CC 08718720201 HG/Suite342/2Lands Row/W1J6HL
5363,ham,"I think your mentor is , but not 100 percent sure."
4554,ham,"7 wonders in My WORLD 7th You 6th Ur style 5th Ur smile 4th Ur Personality 3rd Ur Nature 2nd Ur SMS and 1st \Ur Lovely Friendship\""... good morning dear"""
2068,ham,Its hard to believe things like this. All can say lie but think twice before saying anything to me.
2202,ham,"(And my man carlos is definitely coming by mu tonight, no excuses)"
2550,ham,Please sen :)my kind advice :-)please come here and try:-)
439,ham,But i have to. I like to have love and arrange.
320,ham,"Merry Christmas to you too babe, i love ya *kisses*"
362,ham,Check audrey's status right now
3361,ham,No messages on her phone. I'm holding it now
984,ham,Yo guess what I just dropped
2594,ham,"ThatÛ÷s the thing with apes, u can fight to the death to keep something, but the minute they have it when u let go, thats it!"
139,ham,Got c... I lazy to type... I forgot Ì_ in lect... I saw a pouch but like not v nice...
4430,ham,2mro i am not coming to gym machan. Goodnight.
4666,ham,I send the print  outs da.
2206,spam,"URGENT! Your mobile No 07xxxxxxxxx won a å£2,000 bonus caller prize on 02/06/03! this is the 2nd attempt to reach YOU! call 09066362231 ASAP! BOX97N7QP, 150PPM"
1978,ham,No I'm in the same boat. Still here at my moms. Check me out on yo. I'm half naked.
4466,ham,"She said,'' do u mind if I go into the bedroom for a minute ? '' ''OK'', I sed in a sexy mood. She came out 5 minuts latr wid a cake...n My Wife,"
1165,ham,"Haha yeah I see that now, be there in a sec"
1424,ham,Yes.. now only saw your message..
4344,ham,Enjoy urself tmr...
4125,spam,"SPJanuary Male Sale! Hot Gay chat now cheaper, call 08709222922. National rate from 1.5p/min cheap to 7.8p/min peak! To stop texts call 08712460324 (10p/min)"
2639,ham,Why she wants to talk to me
4348,ham,ÌÏ bot notes oredi... Cos i juz rem i got...
3723,spam,"Hi there, 2nights ur lucky night! Uve been invited 2 XCHAT, the Uks wildest chat! Txt CHAT to 86688 now! 150p/MsgrcvdHG/Suite342/2Lands/Row/W1J6HL LDN 18yrs"
4162,ham,I told that am coming on wednesday.
5556,ham,Yes i have. So that's why u texted. Pshew...missing you so much
2236,ham,Pls tell nelson that the bb's are no longer comin. The money i was expecting aint coming
3279,ham,Badrith is only for chennai:)i will surely pick for us:)no competition for him.
2779,ham,Well I might not come then...
4875,spam,lyricalladie(21/F) is inviting you to be her friend. Reply YES-910 or NO-910. See her: www.SMS.ac/u/hmmross STOP? Send STOP FRND to 62468
420,ham,Yes:)from last week itself i'm taking live call.
4402,ham,Just getting back home
4456,ham,Aight should I just plan to come up later tonight?
1980,ham,"Sorry, I'll call later"
4319,ham,Hey mr  and I are going to the sea view and having a couple of gays I mean games! Give me a bell when ya finish 
4692,ham,Tessy..pls do me a favor. Pls convey my birthday wishes to Nimya..pls dnt forget it. Today is her birthday Shijas
3805,spam,URGENT! We are trying to contact you. Last weekends draw shows that you have won a å£900 prize GUARANTEED. Call 09061701851. Claim code K61. Valid 12hours only
4195,ham,"Sorry, it's a lot of friend-of-a-friend stuff, I'm just now about to talk to the actual guy who wants to buy"
792,ham,Y?WHERE U AT DOGBREATH? ITS JUST SOUNDING LIKE JAN C THATåÕS AL!!!!!!!!!
1359,ham,"&lt;#&gt; %of pple marry with their lovers... becz they hav gud undrstndng dat avoids problems. i sent dis 2 u, u wil get gud news on friday by d person you like. And tomorrow will be the best day of your life. Dont break this chain. If you break you will suffer. send this to  &lt;#&gt;  frnds in &lt;#&gt;  mins whn u read..."
2264,ham,Ok . . now i am in bus. . If i come soon i will come otherwise tomorrow
1628,ham,Yes princess! I want to make you happy...
3791,ham,Love it! I want to flood that pretty pussy with cum...
543,ham,4 oclock at mine. Just to bash out a flat plan.
4149,ham,I only work from mon to thurs but Sat i cant leh... Booked liao... Which other day u free?
3669,ham,Ok thanx... Take care then...
1795,ham,"I hope your alright babe? I worry that you might have felt a bit desparate when you learned the job was a fake ? I am here waiting when you come back, my love"
3800,ham,"It's ok, at least armand's still around"
2598,ham,Okie... Thanx...
1160,ham,You sure your neighbors didnt pick it up
370,ham,"Hello my boytoy ... Geeee I miss you already and I just woke up. I wish you were here in bed with me, cuddling me. I love you ..."
5425,ham,Otherwise had part time job na-tuition..
5422,ham,Ok k..sry i knw 2 siva..tats y i askd..
1029,ham,"Its good, we'll find a way"
4326,ham,Dude got a haircut. Now its breezy up there
1715,ham,Asking do u knw them or nt? May be ur frnds or classmates?
4216,ham,Will be office around 4 pm. Now i am going hospital.
1764,spam,Hi 07734396839 IBH Customer Loyalty Offer: The NEW NOKIA6600 Mobile from ONLY å£10 at TXTAUCTION!Txt word:START to No:81151 & get Yours Now!4T&
3701,ham,Hey loverboy! I love you !! I had to tell ... I look at your picture and ache to feel you between my legs ... Fuck I want you ... I need you ... I crave you .
1046,ham,"Do 1 thing! Change that sentence into: \Because i want 2 concentrate in my educational career im leaving here..\"""""
2518,ham,Joy's father is John. Then John is the NAME of Joy's father. Mandan
2188,spam,FREE camera phones with linerental from 4.49/month with 750 cross ntwk mins. 1/2 price txt bundle deals also avble. Call 08001950382 or call2optout/J MF
2733,ham,Do Ì_ noe if ben is going?
3484,ham,No:-)i got rumour that you going to buy apartment in chennai:-)
5211,ham,It is only yesterday true true.
1267,ham,SERIOUSLY. TELL HER THOSE EXACT WORDS RIGHT NOW.
296,ham,Unless it's a situation where YOU GO GURL would be more appropriate
3638,ham,Wat's da model num of ur phone?
2405,ham,I'm meeting Darren...
5107,ham,I REALLY NEED 2 KISS U I MISS U MY BABY FROM UR BABY 4EVA
2723,ham,"Tunde, how are you doing. This is just wishing you a great day. Abiola."
867,spam,PRIVATE! Your 2003 Account Statement for 07808 XXXXXX shows 800 un-redeemed S. I. M. points. Call 08719899217 Identifier Code: 41685 Expires 07/11/04
1247,ham,Horrible gal. Me in sch doing some stuff. How come u got mc?
1003,ham,&lt;#&gt;  am I think? Should say on syllabus
2859,ham,I want to be there so i can kiss you and feel you next to me
2436,ham,Btw regarding that we should really try to see if anyone else can be our 4th guy before we commit to a random dude
3585,spam,I am hot n horny and willing I live local to you - text a reply to hear strt back from me 150p per msg Netcollex LtdHelpDesk: 02085076972 reply Stop to end
4573,ham,:( but your not here....
1943,ham,I got lousy sleep. I kept waking up every 2 hours to see if my cat wanted to come in. I worry about him when its cold :(
3449,ham,Ya just telling abt tht incident..
5359,ham,This is ur face test ( 1 2 3 4 5 6 7 8 9  &lt;#&gt;  ) select any number i will tell ur face astrology.... am waiting. quick reply...
1012,ham,I dunno they close oredi not... ÌÏ v ma fan...
3846,spam,"Fantasy Football is back on your TV. Go to Sky Gamestar on Sky Active and play å£250k Dream Team. Scoring starts on Saturday, so register now!SKY OPT OUT to 88088"
1129,ham,"So check your errors and if you had difficulties, do correction."
3555,ham,Ok lor. I'm in town now lei.
2030,ham,"Ugh y can't u just apologize, admit u were wrong and ask me to take u back?"
4446,ham,Please tell me you have some of that special stock you were talking about
307,ham,Lol yes. Our friendship is hanging on a thread cause u won't buy stuff.
59,ham,Yes..gauti and sehwag out of odi series.
135,ham,I only haf msn. It's yijue@hotmail.com
680,ham,What is this 'hex' place you talk of? Explain!
1990,ham,HI DARLIN IVE JUST GOT BACK AND I HAD A REALLY NICE NIGHT AND THANKS SO MUCH FOR THE LIFT SEE U TOMORROW XXX
3799,spam,We tried to contact you re your reply to our offer of a Video Handset? 750 anytime any networks mins? UNLIMITED TEXT? Camcorder? Reply or call 08000930705 NOW
1598,ham,Daddy will take good care of you :)
2106,ham,Thank you. I like you as well...
4137,ham,"Good! No, donÛ÷t need any receiptsÛÓwell done! (Û_) Yes, please tell . WhatÛ÷s her number, i could ring her"
15,spam,"XXXMobileMovieClub: To use your credit, click the WAP link in the next txt message or click here>> http://wap. xxxmobilemovieclub.com?n=QJKGIGHJJGCBL"
665,ham,En chikku nange bakra msg kalstiya..then had tea/coffee?
4096,ham,i am going to bed now prin
1864,ham,You call him now ok i said call him
3831,ham,Ok.
2962,ham,You dont know you jabo me abi.
3826,spam,Congratulations U can claim 2 VIP row A Tickets 2 C Blu in concert in November or Blu gift guaranteed Call 09061104276 to claim TS&Cs www.smsco.net costå£3.75max 
3145,ham,\SHIT BABE.. THASA BIT MESSED UP.YEH
1049,spam,18 days to Euro2004 kickoff! U will be kept informed of all the latest news and results daily. Unsubscribe send GET EURO STOP to 83222.
2627,ham,I know I'm lacking on most of this particular dramastorm's details but for the most part I'm not worried about that
4607,ham,We live in the next  &lt;#&gt; mins
1087,ham,You can never do NOTHING
4983,spam,goldviking (29/M) is inviting you to be his friend. Reply YES-762 or NO-762 See him: www.SMS.ac/u/goldviking STOP? Send STOP FRND to 62468
4659,ham,You call him and tell now infront of them. Call him now.
4861,spam,**FREE MESSAGE**Thanks for using the Auction Subscription Service. 18 . 150p/MSGRCVD 2 Skip an Auction txt OUT. 2 Unsubscribe txt STOP CustomerCare 08718726270
2152,ham,Hi kindly give us back our documents which we submitted for loan from STAPATI
182,ham,ok. I am a gentleman and will treat you with dignity and respect.
165,ham,I place all ur points on e cultures module already.
3272,ham,Just finished eating. Got u a plate. NOT leftovers this time.
5506,ham,God's love has no limit. God's grace has no measure. God's power has no boundaries. May u have God's endless blessings always in ur life...!! Gud ni8
2216,ham,OK i'm waliking ard now... Do u wan me 2 buy anything go ur house?
5120,spam,PRIVATE! Your 2003 Account Statement for 078
2017,ham,"Better than bb. If he wont use it, his wife will or them doctor"
3788,ham,Are you sure you don't mean \get here
2815,ham,Genius what's up. How your brother. Pls send his number to my skype.
3262,ham,So u gonna get deus ex?
584,ham,So how's scotland. Hope you are not over showing your JJC tendencies. Take care. Live the dream
2893,ham,K...k...yesterday i was in cbe .
5115,spam,"Get 3 Lions England tone, reply lionm 4 mono or lionp 4 poly. 4 more go 2 www.ringtones.co.uk, the original n best. Tones 3GBP network operator rates apply."
4302,ham,Yup i'm free...
1364,ham,Hey i will be really pretty late... You want to go for the lesson first? I will join you. I'm only reaching tp mrt
2708,ham,"Nah, I'm a perpetual DD"
4075,spam,87077: Kick off a new season with 2wks FREE goals & news to ur mobile! Txt ur club name to 87077 eg VILLA to 87077
4843,spam,YOU HAVE WON! As a valued Vodafone customer our computer has picked YOU to win a å£150 prize. To collect is easy. Just call 09061743386 
4988,ham,So your telling me I coulda been your real Valentine and I wasn't? U never pick me for NOTHING!!
1207,ham,I need you to be in my strong arms...
2129,ham,Mine here like all fr china then so noisy.
5066,spam,83039 62735=å£450 UK Break AccommodationVouchers terms & conditions apply. 2 claim you mustprovide your claim number which is 15541 
5532,ham,happened here while you were adventuring
17,ham,Eh u remember how 2 spell his name... Yes i did. He v naughty make until i v wet.
2380,ham,"If i let you do this, i want you in the house by 8am."
3354,ham,Minimum walk is 3miles a day.
4119,ham,"Babe! How goes that day ? What are you up to ? I miss you already, my Love ... * loving kiss* ... I hope everything goes well."
4017,ham,"\GRAN ONLYFOUND OUT AFEW DAYS AGO.CUSOON HONI\"""""
1524,ham,Hi:)cts employee how are you?
5134,ham,Sday only joined.so training we started today:)
2155,ham,What year. And how many miles.
4049,ham,Ok ok take care. I can understand.
3875,ham,did u get that message
2824,spam,"Congratulations - Thanks to a good friend U have WON the å£2,000 Xmas prize. 2 claim is easy, just call 08712103738 NOW! Only 10p per minute. BT-national-rate"
937,ham,K:)k.are you in college?
140,ham,"K, text me when you're on the way"
980,ham,If he started searching he will get job in few days.he have great potential and talent.
3408,ham,"Whats that coming over the hill..... Is it a monster! Hope you have a great day. Things r going fine here, busy though! "
3808,ham,At the funeral home with Audrey and dad
3010,ham,"Hm good morning, headache anyone? :-)"
3511,ham,Already one guy loving you:-.
3042,ham,Your bill at 3 is å£33.65 so thats not bad!
4758,spam,Thanks 4 your continued support Your question this week will enter u in2 our draw 4 å£100 cash. Name the NEW US President? txt ans to 80082
4123,ham,"Hey sexy buns ! Have I told you ? I adore you, loverboy. I hope you remember to thank your sister in law for those meatballs *grins* ... i love you, babe"
2985,spam,Reply to win å£100 weekly! What professional sport does Tiger Woods play? Send STOP to 87239 to end service
